line,level,hp,damage,attack_speed,range,move_speed,scale,tint
Melee,1,120.0,14.0,1.00,1.40,3.40,0.70,#D83F33
Melee,2,228.0,26.6,1.00,1.40,3.40,0.78,#DB4E43
Melee,3,433.2,50.5,1.00,1.40,3.40,0.86,#DE5D53
Melee,4,823.1,96.0,1.00,1.40,3.40,0.94,#E16C63
Melee,5,1563.9,182.4,1.00,1.40,3.40,1.02,#E47B73
Melee,6,2971.3,346.7,1.00,1.40,3.40,1.10,#E78A83
Melee,7,5645.5,658.6,1.00,1.40,3.40,1.18,#EA9993
Melee,8,10726.5,1251.4,1.00,1.40,3.40,1.26,#EDA8A3
Ranged,1,70.0,16.0,0.90,7.00,2.60,0.70,#3FB24C
Ranged,2,133.0,30.4,0.90,7.00,2.60,0.78,#4EB85A
Ranged,3,252.7,57.8,0.90,7.00,2.60,0.86,#5DBE68
Ranged,4,480.1,109.7,0.90,7.00,2.60,0.94,#6CC476
Ranged,5,912.2,208.5,0.90,7.00,2.60,1.02,#7BCA84
Ranged,6,1733.3,396.2,0.90,7.00,2.60,1.10,#8AD092
Ranged,7,3293.2,752.7,0.90,7.00,2.60,1.18,#99D6A0
Ranged,8,6257.1,1430.2,0.90,7.00,2.60,1.26,#A8DCAE
Tank,1,320.0,7.0,0.70,1.40,2.60,0.70,#4C72E5
Tank,2,608.0,13.3,0.70,1.40,2.60,0.78,#5A7DE7
Tank,3,1155.2,25.3,0.70,1.40,2.60,0.86,#6888E9
Tank,4,2194.9,48.0,0.70,1.40,2.60,0.94,#7693EB
Tank,5,4170.3,91.2,0.70,1.40,2.60,1.02,#849EED
Tank,6,7923.5,173.3,0.70,1.40,2.60,1.10,#92A9EF
Tank,7,15054.7,329.3,0.70,1.40,2.60,1.18,#A0B4F1
Tank,8,28603.9,625.7,0.70,1.40,2.60,1.26,#AEBFF3
Flying,1,85.0,13.0,1.10,1.60,4.20,0.70,#B259D8
Flying,2,161.5,24.7,1.10,1.60,4.20,0.78,#B866DB
Flying,3,306.8,46.9,1.10,1.60,4.20,0.86,#BE73DE
Flying,4,583.0,89.2,1.10,1.60,4.20,0.94,#C480E1
Flying,5,1107.7,169.4,1.10,1.60,4.20,1.02,#CA8DE4
Flying,6,2104.7,321.9,1.10,1.60,4.20,1.10,#D09AE7
Flying,7,3998.9,611.6,1.10,1.60,4.20,1.18,#D6A7EA
Flying,8,7597.9,1162.0,1.10,1.60,4.20,1.26,#DCB4ED
